<?xml version="1.0" encoding="UTF-8"?>
<!DOCTYPE generatorConfiguration
        PUBLIC "-//mybatis.org//DTD MyBatis Generator Configuration 1.0//EN"
        "http://mybatis.org/dtd/mybatis-generator-config_1_0.dtd">
<generatorConfiguration>
    <!--数据库驱动-->
    <classPathEntry    location="D:/MyApps/apache-maven-3.3.9/repository/mysql\mysql-connector-java/5.1.46/mysql-connector-java-5.1.46.jar"/>
    <context id="DB2Tables"    targetRuntime="MyBatis3">
        <commentGenerator>
            <property name="suppressDate" value="true"/>
            <property name="suppressAllComments" value="true"/>
        </commentGenerator>
        <!--数据库链接地址账号密码-->
        <jdbcConnection driverClass="com.mysql.jdbc.Driver" connectionURL="jdbc:mysql://127.0.0.1:3306/hewuqi?useSSL=false" userId="root" password="root">
        </jdbcConnection>
        <javaTypeResolver>
            <property name="forceBigDecimals" value="false"/>
        </javaTypeResolver>
        <!--生成Model类存放位置-->
        <javaModelGenerator targetPackage="com.hewuqi.shiro.model" targetProject="src/main/java">
            <property name="enableSubPackages" value="true"/>
            <property name="trimStrings" value="true"/>
        </javaModelGenerator>
        <!--生成映射文件存放位置-->
        <sqlMapGenerator targetPackage="mapper" targetProject="src/main/resources">
            <property name="enableSubPackages" value="true"/>
        </sqlMapGenerator>
        <!--生成Dao类存放位置-->
        <javaClientGenerator type="XMLMAPPER" targetPackage="com.hewuqi.shiro.dao" targetProject="src/main/java">
            <property name="enableSubPackages" value="true"/>
        </javaClientGenerator>
        <!--生成对应表及类名-->

        <table tableName="tb_shiro_user" domainObjectName="User" enableCountByExample="true" enableUpdateByExample="true" enableDeleteByExample="true" enableSelectByExample="true" selectByExampleQueryId="true"></table>
        <table tableName="tb_shiro_permission" domainObjectName="Permission" enableCountByExample="true" enableUpdateByExample="true" enableDeleteByExample="true" enableSelectByExample="true" selectByExampleQueryId="true"></table>
        <table tableName="tb_shiro_role" domainObjectName="Role" enableCountByExample="true" enableUpdateByExample="true" enableDeleteByExample="true" enableSelectByExample="true" selectByExampleQueryId="true"></table>
        <table tableName="tb_shiro_user_role" domainObjectName="UserRole" enableCountByExample="true" enableUpdateByExample="true" enableDeleteByExample="true" enableSelectByExample="true" selectByExampleQueryId="true"></table>
        <table tableName="tb_shiro_role_permission" domainObjectName="RolePermission" enableCountByExample="true" enableUpdateByExample="true" enableDeleteByExample="true" enableSelectByExample="true" selectByExampleQueryId="true"></table>
        <table tableName="tb_hewuqi_user_detail" domainObjectName="UserDetail" enableCountByExample="true" enableUpdateByExample="true" enableDeleteByExample="true" enableSelectByExample="true" selectByExampleQueryId="true"></table>
        <table tableName="tb_hewuqi_active_code" domainObjectName="ActiveCode" enableCountByExample="true" enableUpdateByExample="true" enableDeleteByExample="true" enableSelectByExample="true" selectByExampleQueryId="true"></table>
    </context>
</generatorConfiguration>