<?xml version="1.0" encoding="UTF-8"?>
<!DOCTYPE mapper PUBLIC "-//mybatis.org//DTD Mapper 3.0//EN" "http://mybatis.org/dtd/mybatis-3-mapper.dtd">
<mapper namespace="com.hewuqi.shiro.dao.PermissionMapper">
  <resultMap id="BaseResultMap" type="com.hewuqi.shiro.model.Permission">
    <id column="id" jdbcType="BIGINT" property="id" />
    <result column="permission_name" jdbcType="VARCHAR" property="permissionName" />
    <result column="permission_code" jdbcType="VARCHAR" property="permissionCode" />
  </resultMap>
  <sql id="Example_Where_Clause">
    <where>
      <foreach collection="oredCriteria" item="criteria" separator="or">
        <if test="criteria.valid">
          <trim prefix="(" prefixOverrides="and" suffix=")">
            <foreach collection="criteria.criteria" item="criterion">
              <choose>
                <when test="criterion.noValue">
                  and ${criterion.condition}
                </when>
                <when test="criterion.singleValue">
                  and ${criterion.condition} #{criterion.value}
                </when>
                <when test="criterion.betweenValue">
                  and ${criterion.condition} #{criterion.value} and #{criterion.secondValue}
                </when>
                <when test="criterion.listValue">
                  and ${criterion.condition}
                  <foreach close=")" collection="criterion.value" item="listItem" open="(" separator=",">
                    #{listItem}
                  </foreach>
                </when>
              </choose>
            </foreach>
          </trim>
        </if>
      </foreach>
    </where>
  </sql>
  <sql id="Update_By_Example_Where_Clause">
    <where>
      <foreach collection="example.oredCriteria" item="criteria" separator="or">
        <if test="criteria.valid">
          <trim prefix="(" prefixOverrides="and" suffix=")">
            <foreach collection="criteria.criteria" item="criterion">
              <choose>
                <when test="criterion.noValue">
                  and ${criterion.condition}
                </when>
                <when test="criterion.singleValue">
                  and ${criterion.condition} #{criterion.value}
                </when>
                <when test="criterion.betweenValue">
                  and ${criterion.condition} #{criterion.value} and #{criterion.secondValue}
                </when>
                <when test="criterion.listValue">
                  and ${criterion.condition}
                  <foreach close=")" collection="criterion.value" item="listItem" open="(" separator=",">
                    #{listItem}
                  </foreach>
                </when>
              </choose>
            </foreach>
          </trim>
        </if>
      </foreach>
    </where>
  </sql>
  <sql id="Base_Column_List">
    id, permission_name, permission_code
  </sql>
  <select id="selectByExample" parameterType="com.hewuqi.shiro.model.PermissionExample" resultMap="BaseResultMap">
    select
    <if test="distinct">
      distinct
    </if>
    'true' as QUERYID,
    <include refid="Base_Column_List" />
    from tb_shiro_permission
    <if test="_parameter != null">
      <include refid="Example_Where_Clause" />
    </if>
    <if test="orderByClause != null">
      order by ${orderByClause}
    </if>
  </select>
  <select id="selectByPrimaryKey" parameterType="java.lang.Long" resultMap="BaseResultMap">
    select 
    <include refid="Base_Column_List" />
    from tb_shiro_permission
    where id = #{id,jdbcType=BIGINT}
  </select>
  <delete id="deleteByPrimaryKey" parameterType="java.lang.Long">
    delete from tb_shiro_permission
    where id = #{id,jdbcType=BIGINT}
  </delete>
  <delete id="deleteByExample" parameterType="com.hewuqi.shiro.model.PermissionExample">
    delete from tb_shiro_permission
    <if test="_parameter != null">
      <include refid="Example_Where_Clause" />
    </if>
  </delete>
  <insert id="insert" parameterType="com.hewuqi.shiro.model.Permission">
    insert into tb_shiro_permission (id, permission_name, permission_code
      )
    values (#{id,jdbcType=BIGINT}, #{permissionName,jdbcType=VARCHAR}, #{permissionCode,jdbcType=VARCHAR}
      )
  </insert>
  <insert id="insertSelective" parameterType="com.hewuqi.shiro.model.Permission">
    insert into tb_shiro_permission
    <trim prefix="(" suffix=")" suffixOverrides=",">
      <if test="id != null">
        id,
      </if>
      <if test="permissionName != null">
        permission_name,
      </if>
      <if test="permissionCode != null">
        permission_code,
      </if>
    </trim>
    <trim prefix="values (" suffix=")" suffixOverrides=",">
      <if test="id != null">
        #{id,jdbcType=BIGINT},
      </if>
      <if test="permissionName != null">
        #{permissionName,jdbcType=VARCHAR},
      </if>
      <if test="permissionCode != null">
        #{permissionCode,jdbcType=VARCHAR},
      </if>
    </trim>
  </insert>
  <select id="countByExample" parameterType="com.hewuqi.shiro.model.PermissionExample" resultType="java.lang.Long">
    select count(*) from tb_shiro_permission
    <if test="_parameter != null">
      <include refid="Example_Where_Clause" />
    </if>
  </select>
  <update id="updateByExampleSelective" parameterType="map">
    update tb_shiro_permission
    <set>
      <if test="record.id != null">
        id = #{record.id,jdbcType=BIGINT},
      </if>
      <if test="record.permissionName != null">
        permission_name = #{record.permissionName,jdbcType=VARCHAR},
      </if>
      <if test="record.permissionCode != null">
        permission_code = #{record.permissionCode,jdbcType=VARCHAR},
      </if>
    </set>
    <if test="_parameter != null">
      <include refid="Update_By_Example_Where_Clause" />
    </if>
  </update>
  <update id="updateByExample" parameterType="map">
    update tb_shiro_permission
    set id = #{record.id,jdbcType=BIGINT},
      permission_name = #{record.permissionName,jdbcType=VARCHAR},
      permission_code = #{record.permissionCode,jdbcType=VARCHAR}
    <if test="_parameter != null">
      <include refid="Update_By_Example_Where_Clause" />
    </if>
  </update>
  <update id="updateByPrimaryKeySelective" parameterType="com.hewuqi.shiro.model.Permission">
    update tb_shiro_permission
    <set>
      <if test="permissionName != null">
        permission_name = #{permissionName,jdbcType=VARCHAR},
      </if>
      <if test="permissionCode != null">
        permission_code = #{permissionCode,jdbcType=VARCHAR},
      </if>
    </set>
    where id = #{id,jdbcType=BIGINT}
  </update>
  <update id="updateByPrimaryKey" parameterType="com.hewuqi.shiro.model.Permission">
    update tb_shiro_permission
    set permission_name = #{permissionName,jdbcType=VARCHAR},
      permission_code = #{permissionCode,jdbcType=VARCHAR}
    where id = #{id,jdbcType=BIGINT}
  </update>
</mapper>