<?xml version="1.0" encoding="UTF-8"?>
<!DOCTYPE mapper PUBLIC "-//mybatis.org//DTD Mapper 3.0//EN" "http://mybatis.org/dtd/mybatis-3-mapper.dtd">
<mapper namespace="com.hewuqi.shiro.dao.UserDetailMapper">
  <resultMap id="BaseResultMap" type="com.hewuqi.shiro.model.UserDetail">
    <id column="id" jdbcType="BIGINT" property="id" />
    <result column="hwid" jdbcType="VARCHAR" property="hwid" />
    <result column="user_id" jdbcType="BIGINT" property="userId" />
    <result column="email" jdbcType="VARCHAR" property="email" />
    <result column="phone_num" jdbcType="VARCHAR" property="phoneNum" />
    <result column="qq" jdbcType="VARCHAR" property="qq" />
    <result column="real_name" jdbcType="VARCHAR" property="realName" />
    <result column="active_code_id" jdbcType="BIGINT" property="activeCodeId" />
    <result column="active_date" jdbcType="TIMESTAMP" property="activeDate" />
    <result column="end_date" jdbcType="TIMESTAMP" property="endDate" />
  </resultMap>
  <sql id="Example_Where_Clause">
    <where>
      <foreach collection="oredCriteria" item="criteria" separator="or">
        <if test="criteria.valid">
          <trim prefix="(" prefixOverrides="and" suffix=")">
            <foreach collection="criteria.criteria" item="criterion">
              <choose>
                <when test="criterion.noValue">
                  and ${criterion.condition}
                </when>
                <when test="criterion.singleValue">
                  and ${criterion.condition} #{criterion.value}
                </when>
                <when test="criterion.betweenValue">
                  and ${criterion.condition} #{criterion.value} and #{criterion.secondValue}
                </when>
                <when test="criterion.listValue">
                  and ${criterion.condition}
                  <foreach close=")" collection="criterion.value" item="listItem" open="(" separator=",">
                    #{listItem}
                  </foreach>
                </when>
              </choose>
            </foreach>
          </trim>
        </if>
      </foreach>
    </where>
  </sql>
  <sql id="Update_By_Example_Where_Clause">
    <where>
      <foreach collection="example.oredCriteria" item="criteria" separator="or">
        <if test="criteria.valid">
          <trim prefix="(" prefixOverrides="and" suffix=")">
            <foreach collection="criteria.criteria" item="criterion">
              <choose>
                <when test="criterion.noValue">
                  and ${criterion.condition}
                </when>
                <when test="criterion.singleValue">
                  and ${criterion.condition} #{criterion.value}
                </when>
                <when test="criterion.betweenValue">
                  and ${criterion.condition} #{criterion.value} and #{criterion.secondValue}
                </when>
                <when test="criterion.listValue">
                  and ${criterion.condition}
                  <foreach close=")" collection="criterion.value" item="listItem" open="(" separator=",">
                    #{listItem}
                  </foreach>
                </when>
              </choose>
            </foreach>
          </trim>
        </if>
      </foreach>
    </where>
  </sql>
  <sql id="Base_Column_List">
    id, hwid, user_id, email, phone_num, qq, real_name, active_code_id, active_date, 
    end_date
  </sql>
  <select id="selectByExample" parameterType="com.hewuqi.shiro.model.UserDetailExample" resultMap="BaseResultMap">
    select
    <if test="distinct">
      distinct
    </if>
    'true' as QUERYID,
    <include refid="Base_Column_List" />
    from tb_hewuqi_user_detail
    <if test="_parameter != null">
      <include refid="Example_Where_Clause" />
    </if>
    <if test="orderByClause != null">
      order by ${orderByClause}
    </if>
  </select>
  <select id="selectByPrimaryKey" parameterType="java.lang.Long" resultMap="BaseResultMap">
    select 
    <include refid="Base_Column_List" />
    from tb_hewuqi_user_detail
    where id = #{id,jdbcType=BIGINT}
  </select>
  <delete id="deleteByPrimaryKey" parameterType="java.lang.Long">
    delete from tb_hewuqi_user_detail
    where id = #{id,jdbcType=BIGINT}
  </delete>
  <delete id="deleteByExample" parameterType="com.hewuqi.shiro.model.UserDetailExample">
    delete from tb_hewuqi_user_detail
    <if test="_parameter != null">
      <include refid="Example_Where_Clause" />
    </if>
  </delete>
  <insert id="insert" parameterType="com.hewuqi.shiro.model.UserDetail">
    insert into tb_hewuqi_user_detail (id, hwid, user_id, 
      email, phone_num, qq, 
      real_name, active_code_id, active_date, 
      end_date)
    values (#{id,jdbcType=BIGINT}, #{hwid,jdbcType=VARCHAR}, #{userId,jdbcType=BIGINT}, 
      #{email,jdbcType=VARCHAR}, #{phoneNum,jdbcType=VARCHAR}, #{qq,jdbcType=VARCHAR}, 
      #{realName,jdbcType=VARCHAR}, #{activeCodeId,jdbcType=BIGINT}, #{activeDate,jdbcType=TIMESTAMP}, 
      #{endDate,jdbcType=TIMESTAMP})
  </insert>
  <insert id="insertSelective" parameterType="com.hewuqi.shiro.model.UserDetail">
    insert into tb_hewuqi_user_detail
    <trim prefix="(" suffix=")" suffixOverrides=",">
      <if test="id != null">
        id,
      </if>
      <if test="hwid != null">
        hwid,
      </if>
      <if test="userId != null">
        user_id,
      </if>
      <if test="email != null">
        email,
      </if>
      <if test="phoneNum != null">
        phone_num,
      </if>
      <if test="qq != null">
        qq,
      </if>
      <if test="realName != null">
        real_name,
      </if>
      <if test="activeCodeId != null">
        active_code_id,
      </if>
      <if test="activeDate != null">
        active_date,
      </if>
      <if test="endDate != null">
        end_date,
      </if>
    </trim>
    <trim prefix="values (" suffix=")" suffixOverrides=",">
      <if test="id != null">
        #{id,jdbcType=BIGINT},
      </if>
      <if test="hwid != null">
        #{hwid,jdbcType=VARCHAR},
      </if>
      <if test="userId != null">
        #{userId,jdbcType=BIGINT},
      </if>
      <if test="email != null">
        #{email,jdbcType=VARCHAR},
      </if>
      <if test="phoneNum != null">
        #{phoneNum,jdbcType=VARCHAR},
      </if>
      <if test="qq != null">
        #{qq,jdbcType=VARCHAR},
      </if>
      <if test="realName != null">
        #{realName,jdbcType=VARCHAR},
      </if>
      <if test="activeCodeId != null">
        #{activeCodeId,jdbcType=BIGINT},
      </if>
      <if test="activeDate != null">
        #{activeDate,jdbcType=TIMESTAMP},
      </if>
      <if test="endDate != null">
        #{endDate,jdbcType=TIMESTAMP},
      </if>
    </trim>
  </insert>
  <select id="countByExample" parameterType="com.hewuqi.shiro.model.UserDetailExample" resultType="java.lang.Long">
    select count(*) from tb_hewuqi_user_detail
    <if test="_parameter != null">
      <include refid="Example_Where_Clause" />
    </if>
  </select>
  <update id="updateByExampleSelective" parameterType="map">
    update tb_hewuqi_user_detail
    <set>
      <if test="record.id != null">
        id = #{record.id,jdbcType=BIGINT},
      </if>
      <if test="record.hwid != null">
        hwid = #{record.hwid,jdbcType=VARCHAR},
      </if>
      <if test="record.userId != null">
        user_id = #{record.userId,jdbcType=BIGINT},
      </if>
      <if test="record.email != null">
        email = #{record.email,jdbcType=VARCHAR},
      </if>
      <if test="record.phoneNum != null">
        phone_num = #{record.phoneNum,jdbcType=VARCHAR},
      </if>
      <if test="record.qq != null">
        qq = #{record.qq,jdbcType=VARCHAR},
      </if>
      <if test="record.realName != null">
        real_name = #{record.realName,jdbcType=VARCHAR},
      </if>
      <if test="record.activeCodeId != null">
        active_code_id = #{record.activeCodeId,jdbcType=BIGINT},
      </if>
      <if test="record.activeDate != null">
        active_date = #{record.activeDate,jdbcType=TIMESTAMP},
      </if>
      <if test="record.endDate != null">
        end_date = #{record.endDate,jdbcType=TIMESTAMP},
      </if>
    </set>
    <if test="_parameter != null">
      <include refid="Update_By_Example_Where_Clause" />
    </if>
  </update>
  <update id="updateByExample" parameterType="map">
    update tb_hewuqi_user_detail
    set id = #{record.id,jdbcType=BIGINT},
      hwid = #{record.hwid,jdbcType=VARCHAR},
      user_id = #{record.userId,jdbcType=BIGINT},
      email = #{record.email,jdbcType=VARCHAR},
      phone_num = #{record.phoneNum,jdbcType=VARCHAR},
      qq = #{record.qq,jdbcType=VARCHAR},
      real_name = #{record.realName,jdbcType=VARCHAR},
      active_code_id = #{record.activeCodeId,jdbcType=BIGINT},
      active_date = #{record.activeDate,jdbcType=TIMESTAMP},
      end_date = #{record.endDate,jdbcType=TIMESTAMP}
    <if test="_parameter != null">
      <include refid="Update_By_Example_Where_Clause" />
    </if>
  </update>
  <update id="updateByPrimaryKeySelective" parameterType="com.hewuqi.shiro.model.UserDetail">
    update tb_hewuqi_user_detail
    <set>
      <if test="hwid != null">
        hwid = #{hwid,jdbcType=VARCHAR},
      </if>
      <if test="userId != null">
        user_id = #{userId,jdbcType=BIGINT},
      </if>
      <if test="email != null">
        email = #{email,jdbcType=VARCHAR},
      </if>
      <if test="phoneNum != null">
        phone_num = #{phoneNum,jdbcType=VARCHAR},
      </if>
      <if test="qq != null">
        qq = #{qq,jdbcType=VARCHAR},
      </if>
      <if test="realName != null">
        real_name = #{realName,jdbcType=VARCHAR},
      </if>
      <if test="activeCodeId != null">
        active_code_id = #{activeCodeId,jdbcType=BIGINT},
      </if>
      <if test="activeDate != null">
        active_date = #{activeDate,jdbcType=TIMESTAMP},
      </if>
      <if test="endDate != null">
        end_date = #{endDate,jdbcType=TIMESTAMP},
      </if>
    </set>
    where id = #{id,jdbcType=BIGINT}
  </update>
  <update id="updateByPrimaryKey" parameterType="com.hewuqi.shiro.model.UserDetail">
    update tb_hewuqi_user_detail
    set hwid = #{hwid,jdbcType=VARCHAR},
      user_id = #{userId,jdbcType=BIGINT},
      email = #{email,jdbcType=VARCHAR},
      phone_num = #{phoneNum,jdbcType=VARCHAR},
      qq = #{qq,jdbcType=VARCHAR},
      real_name = #{realName,jdbcType=VARCHAR},
      active_code_id = #{activeCodeId,jdbcType=BIGINT},
      active_date = #{activeDate,jdbcType=TIMESTAMP},
      end_date = #{endDate,jdbcType=TIMESTAMP}
    where id = #{id,jdbcType=BIGINT}
  </update>
</mapper>