<?xml version="1.0" encoding="UTF-8"?>
<!DOCTYPE mapper PUBLIC "-//mybatis.org//DTD Mapper 3.0//EN" "http://mybatis.org/dtd/mybatis-3-mapper.dtd">
<mapper namespace="com.hewuqi.shiro.dao.custom.UserInfoMapper">
    <resultMap id="BaseResultMap" type="com.hewuqi.shiro.model.custom.UserInfo">
        <id column="id" jdbcType="BIGINT" property="id" />
        <result column="username" jdbcType="VARCHAR" property="username" />
        <result column="password" jdbcType="VARCHAR" property="password" />
        <result column="salt" jdbcType="VARCHAR" property="salt" />
        <result column="active" jdbcType="INTEGER" property="active" />
        <result column="locked" jdbcType="INTEGER" property="locked" />
        <result column="create_time" jdbcType="TIMESTAMP" property="createTime" />
        <result column="datail_id" jdbcType="BIGINT" property="detailId" />
        <result column="email" jdbcType="VARCHAR" property="email" />
        <result column="phone_num" jdbcType="VARCHAR" property="phoneNum" />
    </resultMap>

    <select id="selectAllUserInfo" parameterType="java.util.Map" resultMap="BaseResultMap">
        select
        tb_shiro_user.id, username, active, locked, create_time, tb_hewuqi_user_detail.id as datail_id, email, phone_num
        from tb_shiro_user
        left join tb_hewuqi_user_detail on tb_shiro_user.id = tb_hewuqi_user_detail.user_id
        where 1 = 1
    </select>
</mapper>